age,income,education_years,experience_years,credit_score,debt_ratio,num_accounts,previous_defaults,approved,gender_male,region_north,region_south,region_west
56,33615,16,37,409,0.458,6,0,1,True,False,False,False
69,45253,20,1,739,0.259,2,0,1,True,False,False,False
46,68196,16,35,577,0.879,14,0,1,True,False,False,False
32,52125,19,25,781,0.197,1,1,1,True,False,False,False
60,84789,13,10,413,0.947,1,0,1,True,False,False,True
25,55899,13,7,776,0.206,9,0,1,True,True,False,False
38,52880,12,39,620,0.614,4,0,1,True,True,False,False
56,45363,16,21,478,0.223,5,0,1,True,False,False,False
36,52003,17,19,518,0.546,3,0,1,True,False,False,True
40,47712,15,7,827,0.684,4,0,1,False,False,True,False
28,60621,14,28,791,0.19,12,1,1,True,False,True,False
28,64350,14,39,360,0.521,8,0,1,False,False,False,True
41,38210,13,25,353,0.469,13,0,1,False,False,False,False
53,30031,12,29,837,0.071,4,0,1,True,True,False,False
57,22456,20,16,364,0.818,9,0,1,True,False,False,True
41,57619,11,19,470,0.336,9,0,1,True,False,True,False
20,33449,10,15,572,0.575,6,0,0,True,False,True,False
39,17706,10,6,834,0.515,2,0,0,False,False,True,False
19,55828,13,15,690,0.513,12,1,0,True,False,False,False
41,87394,11,26,626,0.107,10,0,1,True,False,True,False
61,49908,19,22,407,0.423,11,1,0,True,False,False,True
47,62577,19,23,461,0.452,7,0,1,True,False,False,True
55,51227,13,8,751,0.734,9,0,0,False,False,True,False
19,48516,10,34,505,0.84,6,0,1,True,False,False,True
38,63786,11,19,315,0.545,3,0,1,True,False,True,False
50,45645,16,36,626,0.087,14,1,0,False,False,True,False
29,54010,12,16,301,0.237,7,0,1,False,True,False,False
39,54825,20,30,309,0.165,5,0,1,True,False,False,False
61,39978,14,7,733,0.125,1,0,1,True,False,False,False
42,64880,17,14,424,0.366,3,0,1,True,True,False,False
66,47375,9,30,380,0.229,5,1,0,True,True,False,False
44,38663,21,29,784,0.218,7,0,1,True,False,False,False
59,58047,21,19,449,0.055,3,0,1,True,False,True,False
45,36522,12,38,639,0.018,6,0,1,True,False,True,False
33,50422,16,11,428,0.103,5,1,0,True,False,False,False
32,49863,18,16,737,0.172,13,0,1,False,False,True,False
64,66288,10,29,800,0.431,1,0,1,True,True,False,False
68,57120,21,28,357,0.511,10,0,1,True,False,True,False
61,49624,16,18,497,0.141,6,0,1,True,False,True,False
69,62266,21,10,510,0.425,14,0,1,False,False,False,True
20,70853,18,33,344,0.342,8,0,1,True,False,False,True
54,58367,13,6,396,0.183,13,0,1,True,False,False,True
68,50155,11,33,578,0.007,13,0,1,False,False,True,False
24,30322,14,19,834,0.467,1,0,1,False,False,False,False
38,34023,15,37,709,0.686,2,0,0,False,True,False,False
26,45421,13,23,760,0.226,14,0,1,True,False,True,False
56,40857,12,9,690,0.132,4,1,0,True,False,False,False
35,47195,13,31,343,0.887,12,1,0,False,False,True,False
21,50849,12,14,326,0.275,2,0,0,False,True,False,False
42,57945,15,36,396,0.224,11,0,1,True,False,True,False
31,48942,8,19,847,0.857,9,0,1,True,True,False,False
67,57297,18,2,518,0.817,10,0,1,True,False,True,False
26,50967,14,36,484,0.448,8,0,1,False,True,False,False
43,20368,17,39,368,0.489,8,0,1,True,False,True,False
19,35909,17,7,429,0.218,4,0,1,True,True,False,False
37,47838,18,39,633,0.078,5,1,0,True,False,False,True
45,31854,9,22,453,0.573,4,0,1,True,False,True,False
64,58998,21,39,846,0.098,13,0,1,True,False,True,False
24,72961,16,10,378,0.449,9,0,1,True,False,False,False
61,68281,8,7,712,0.94,13,0,1,False,False,False,False
25,46798,18,28,845,0.953,2,0,1,True,True,False,False
64,72360,17,29,468,0.239,13,0,1,True,False,True,False
52,52230,13,9,814,0.624,11,0,1,True,True,False,False
31,44943,16,38,613,0.474,8,0,1,True,False,False,True
34,40798,8,27,331,0.876,2,1,0,True,False,False,False
53,45462,11,35,586,0.271,1,0,1,True,True,False,False
67,44177,11,12,342,0.004,10,0,1,True,True,False,False
57,52556,16,31,300,0.163,3,0,1,True,False,False,False
21,52408,18,35,569,0.35,9,0,1,True,False,True,False
19,50045,12,36,479,0.316,12,0,0,False,True,False,False
23,56554,12,25,817,0.791,3,0,1,True,False,False,False
59,67859,13,21,402,0.681,9,1,1,False,False,True,False
21,64243,8,3,309,0.3,7,1,0,True,False,False,True
46,27726,8,30,389,0.458,13,0,1,False,False,False,False
35,11691,16,17,525,0.096,10,1,0,False,True,False,False
43,64014,10,37,425,0.898,1,0,1,True,False,False,True
61,29496,11,23,508,0.935,10,0,1,True,False,True,False
51,46628,8,22,396,0.98,5,0,1,True,False,True,False
27,32448,16,21,373,0.869,9,0,0,True,False,False,False
53,22970,15,1,490,0.174,12,0,0,False,False,False,False
31,58121,9,30,355,0.046,3,0,1,False,False,False,False
48,61387,15,10,331,0.58,9,0,0,False,False,True,False
65,41352,14,27,826,0.913,5,0,1,True,False,False,True
32,11134,18,31,583,0.177,9,0,0,False,False,True,False
25,41806,13,4,793,0.007,10,1,0,False,True,False,False
31,55877,8,37,486,0.805,6,0,1,True,False,True,False
40,27816,14,9,797,0.077,9,0,1,True,True,False,False
57,52750,17,39,741,0.414,7,0,1,False,False,False,True
38,49770,14,23,429,0.679,7,0,1,True,False,False,False
33,58689,20,34,591,0.237,8,0,1,False,False,False,False
62,51793,21,22,413,0.084,7,0,1,True,False,True,False
35,35403,16,16,498,0.77,12,0,0,False,False,False,False
64,67948,8,0,312,0.63,9,0,1,True,False,False,True
41,47622,9,30,570,0.988,11,0,1,True,False,False,False
43,49590,18,30,514,0.344,9,0,1,True,False,True,False
42,36000,16,33,743,0.062,6,0,1,False,False,False,True
62,43350,20,8,811,0.734,7,0,1,False,True,False,False
58,36727,16,21,746,0.522,2,1,1,True,False,True,False
46,47405,20,12,373,0.213,9,0,1,True,True,False,False
32,75675,13,24,836,0.782,12,0,1,False,False,False,True
62,29421,13,17,400,0.204,13,0,1,True,False,True,False
18,25796,11,11,475,0.261,1,0,1,False,False,True,False
42,72067,11,39,726,0.093,1,1,1,True,False,False,True
24,46860,12,16,416,0.399,3,0,1,True,False,False,False
26,39963,10,14,465,0.419,12,0,0,True,False,True,False
41,65598,8,14,340,0.515,6,0,1,True,False,True,False
18,40915,8,14,728,0.709,5,0,1,False,True,False,False
61,77390,19,38,643,0.906,2,0,1,True,False,False,False
25,60168,20,12,723,0.138,9,0,1,True,True,False,False
41,42681,14,16,665,0.054,14,0,0,False,True,False,False
28,82359,8,31,419,0.019,13,0,1,True,False,False,False
68,40914,8,8,528,0.144,10,0,1,True,False,False,False
34,61131,10,39,429,0.658,14,1,1,False,False,False,True
25,54489,17,19,651,0.727,4,0,1,False,False,False,False
52,69526,11,25,617,0.787,4,0,1,True,False,True,False
52,73422,11,26,636,0.244,5,0,1,False,False,False,False
50,50480,9,20,572,0.306,8,0,1,False,False,False,True
22,38698,8,17,416,0.483,10,0,0,True,False,False,True
59,56899,10,12,667,0.063,4,0,1,True,False,False,True
56,39834,18,15,393,0.611,5,0,0,False,False,False,False
58,80200,11,8,467,0.984,12,0,1,False,False,False,False
45,52048,10,11,640,0.361,4,0,1,True,True,False,False
24,44520,15,37,451,0.753,14,1,0,False,True,False,False
26,52770,21,18,573,0.5,6,0,1,False,False,True,False
25,29793,17,6,795,0.128,12,0,1,True,True,False,False
29,35425,8,34,400,0.582,3,0,0,True,False,True,False
51,68006,21,17,381,0.3,8,0,1,True,False,False,True
50,40146,9,15,828,0.034,6,0,1,False,True,False,False
65,34296,20,38,372,0.635,10,0,0,True,False,False,False
40,58049,14,3,313,0.859,5,0,1,True,True,False,False
41,67785,11,24,732,0.345,13,0,1,False,False,True,False
54,60784,15,31,456,0.39,2,0,1,False,True,False,False
52,64940,18,39,431,0.891,10,0,1,True,False,False,True
61,38648,20,12,637,0.814,10,0,1,False,False,False,False
57,28672,10,16,703,0.715,7,0,1,True,False,True,False
39,72520,13,36,675,0.249,2,0,1,False,False,False,False
44,45159,16,5,406,0.91,1,0,1,True,False,False,False
52,46237,8,18,564,0.154,7,0,1,True,False,True,False
18,69922,8,12,504,0.627,5,0,1,False,False,False,False
52,58343,15,25,378,0.029,1,0,1,True,False,False,False
54,56838,10,13,454,0.644,4,0,1,True,True,False,False
64,82475,12,30,546,0.277,12,0,1,False,False,False,False
31,40347,8,3,830,0.45,13,0,1,False,False,False,False
20,63917,12,38,837,0.345,4,0,1,False,False,False,False
18,50855,18,7,453,0.173,10,0,1,False,False,False,False
22,54028,13,24,453,0.622,7,0,1,True,False,True,False
43,72927,15,12,391,0.882,9,0,1,True,False,False,True
31,57617,20,31,732,0.959,2,0,1,True,True,False,False
56,58074,21,37,637,0.192,12,0,1,True,False,False,False
44,66087,10,37,779,0.717,14,0,1,False,False,False,False
26,44525,10,27,430,0.664,1,1,0,True,False,True,False
32,37411,19,29,749,0.343,2,0,1,True,False,False,True
32,34327,18,2,572,0.019,7,0,0,True,False,False,False
43,20504,18,27,476,0.69,13,0,0,False,False,True,False
59,80843,17,2,348,0.945,10,0,1,True,True,False,False
30,33451,16,33,654,0.632,6,0,0,True,True,False,False
68,46681,11,15,607,0.435,4,0,1,True,False,False,False
49,45847,11,21,345,0.525,1,0,1,False,False,False,False
56,54611,19,31,601,0.2,13,0,1,True,False,False,True
66,62236,14,37,707,0.751,1,0,1,False,False,False,True
69,62907,9,7,488,0.746,5,0,1,False,False,False,False
49,41253,15,7,428,0.146,1,0,1,True,False,True,False
21,47493,13,5,836,0.878,12,0,1,False,False,False,True
47,54238,10,13,565,0.269,7,0,1,False,False,False,False
54,46269,16,31,417,0.982,13,0,1,False,False,False,True
40,74110,12,34,763,0.383,11,0,1,True,False,False,False
56,57364,15,9,443,0.178,1,0,1,True,True,False,False
62,61023,14,2,741,0.352,1,0,1,False,False,False,False
32,59943,21,11,499,0.44,2,0,1,True,True,False,False
60,67602,15,30,456,0.069,13,1,0,False,False,False,True
46,52715,14,28,786,0.578,14,1,0,False,False,False,False
53,30547,10,4,433,0.598,11,0,0,False,False,False,True
30,55995,9,24,447,0.739,12,0,1,True,True,False,False
49,40229,14,30,635,0.029,10,0,1,True,False,False,False
24,42070,10,20,370,0.541,3,0,0,False,False,False,True
68,58795,10,19,532,0.053,13,0,1,False,True,False,False
39,68574,9,38,633,0.701,11,0,1,True,False,False,True
45,50319,11,21,389,0.056,1,1,0,False,False,True,False
19,54632,15,3,633,0.912,9,0,0,False,True,False,False
59,75533,19,12,498,0.702,10,0,1,True,True,False,False
62,53611,8,19,460,0.507,8,0,1,True,True,False,False
23,89025,8,12,837,0.442,5,0,1,True,False,False,False
45,58482,19,16,420,0.131,13,0,1,True,False,False,False
45,23588,21,35,600,0.291,11,0,1,True,False,False,False
61,61300,12,32,735,0.869,2,0,1,False,False,True,False
61,55717,18,0,367,0.904,5,0,1,True,False,True,False
37,69346,12,14,758,0.001,6,0,1,True,True,False,False
47,60097,18,12,813,0.594,14,1,1,True,False,True,False
28,47923,19,16,697,0.719,1,0,1,True,False,False,True
45,31635,8,23,585,0.619,11,0,1,False,True,False,False
42,46864,13,7,439,0.082,4,0,1,True,True,False,False
56,37242,8,26,581,0.218,9,0,1,True,False,False,True
50,41292,12,22,756,0.25,2,0,1,False,True,False,False
18,58828,16,7,386,0.832,5,1,0,True,False,True,False
44,75048,19,7,378,0.463,1,0,1,True,False,False,False
69,55920,21,25,504,0.487,4,0,1,True,False,False,True
30,32061,12,12,636,0.935,4,0,1,True,False,True,False
58,56669,13,38,553,0.637,6,0,1,True,False,False,True
20,67949,15,36,603,0.899,10,0,1,True,False,False,True
56,40853,18,27,679,0.457,9,0,1,True,True,False,False
23,47989,8,24,429,0.149,3,0,1,False,True,False,False
25,50220,21,15,575,0.93,9,0,1,True,False,True,False
44,38226,9,1,482,0.459,6,1,0,True,False,False,True
26,59724,16,17,567,0.182,7,0,1,False,True,False,False
54,48185,10,16,621,0.302,12,0,1,True,True,False,False
50,56292,13,29,811,0.051,10,0,1,False,False,False,True
68,36687,12,38,377,0.468,2,0,1,True,False,True,False
59,43438,18,12,638,0.853,11,0,1,False,False,True,False
61,60835,9,31,808,0.934,10,0,1,True,False,False,True
41,44407,21,28,537,0.933,14,1,0,True,False,True,False
32,75904,14,29,433,0.125,6,0,1,True,True,False,False
49,44005,11,17,491,0.382,6,0,1,False,False,False,True
49,53370,8,12,655,0.028,2,1,1,True,True,False,False
41,63988,20,20,577,0.855,2,0,1,True,False,False,False
58,28724,11,29,317,0.359,14,0,0,True,False,False,False
69,23587,13,20,823,0.631,2,0,1,False,False,True,False
66,27115,14,16,479,0.715,10,0,1,True,False,False,False
66,68938,14,39,422,0.43,12,0,1,False,True,False,False
69,41722,21,18,545,0.306,1,0,1,True,False,False,False
29,88372,14,14,672,0.962,5,0,1,True,True,False,False
56,41536,10,8,350,0.964,8,1,0,True,False,True,False
19,52768,13,9,370,0.289,2,0,1,True,False,True,False
20,73131,20,30,779,0.48,13,0,1,True,True,False,False
66,80091,15,22,318,0.973,5,0,1,True,False,False,False
54,80922,11,29,383,0.005,12,1,0,False,False,True,False
66,68125,20,32,454,0.413,8,0,1,True,False,False,True
34,65360,15,8,656,0.1,10,1,1,True,False,True,False
66,58887,9,0,742,0.509,14,0,1,True,False,False,False
19,61675,17,34,368,0.025,5,0,1,True,False,False,True
19,41732,16,10,822,0.407,2,0,1,True,False,False,False
45,37727,16,33,442,0.221,3,0,1,True,True,False,False
40,49949,15,15,491,0.533,6,0,1,True,False,False,True
54,47447,17,8,686,0.996,11,0,1,False,False,False,False
49,43201,21,31,677,0.801,11,0,1,False,False,False,True
50,60445,20,14,834,0.846,5,0,1,True,False,False,False
18,64329,17,11,592,0.635,11,0,1,True,False,False,True
36,51326,8,32,308,0.042,4,0,1,False,False,False,False
19,72162,9,13,570,0.207,4,0,1,True,True,False,False
61,32874,13,7,686,0.925,5,0,0,True,False,False,True
43,47095,17,7,392,0.366,2,0,0,True,False,False,True
49,39247,12,26,828,0.104,9,0,1,False,False,False,True
23,22001,19,11,453,0.702,2,0,0,False,False,False,True
49,48759,21,0,704,0.299,10,0,1,True,True,False,False
21,48173,16,39,448,0.269,2,0,1,True,False,False,True
28,72701,12,10,566,0.998,10,0,1,True,False,True,False
34,59462,9,38,721,0.858,14,0,1,False,True,False,False
55,34637,17,30,771,0.408,9,0,1,True,False,True,False
41,77811,11,16,846,0.98,14,0,1,True,False,False,True
22,68315,16,32,825,0.65,3,0,1,False,False,False,False
69,58731,8,31,802,0.742,10,0,1,True,False,True,False
51,46602,18,28,313,0.032,7,0,1,False,False,False,True
23,35608,8,20,663,0.122,4,0,1,True,False,True,False
39,44416,19,20,418,0.633,13,0,1,True,False,False,True
28,66331,14,39,537,0.899,13,0,1,True,False,False,True
65,78268,18,22,845,0.624,6,0,1,False,False,False,True
33,73148,10,5,468,0.134,14,0,1,False,False,False,False
50,42667,17,21,821,0.116,4,0,1,False,False,True,False
26,33205,9,37,815,0.844,10,0,1,True,True,False,False
23,52113,16,36,696,0.139,7,1,1,False,True,False,False
33,23473,10,7,405,0.52,1,0,0,True,True,False,False
46,54847,9,34,384,0.037,3,0,1,True,True,False,False
20,47785,19,10,513,0.081,13,0,1,False,False,False,True
37,43009,15,23,420,0.672,3,0,1,True,False,True,False
53,26079,17,20,431,0.689,1,0,1,True,False,True,False
36,57704,13,1,496,0.341,6,0,1,True,False,False,False
43,42009,13,39,318,0.216,13,1,1,True,False,True,False
20,32451,17,18,311,0.814,11,0,1,True,False,True,False
36,6916,18,38,380,0.217,14,0,0,True,False,True,False
37,49587,14,27,629,0.542,9,0,1,True,False,False,False
49,76583,14,16,691,0.968,8,0,1,False,True,False,False
24,74918,18,5,606,0.148,11,0,1,False,False,True,False
69,43143,20,18,566,0.941,7,0,1,True,False,False,False
58,40966,13,37,746,0.183,10,0,1,True,False,False,False
50,57031,11,27,740,0.567,8,0,1,True,False,False,True
57,35024,18,1,301,0.377,6,0,1,True,False,False,False
56,54526,16,37,819,0.965,9,0,1,True,True,False,False
35,61491,13,36,608,0.274,3,0,1,False,False,True,False
57,68403,11,3,821,0.4,10,0,1,True,False,False,False
18,48497,19,21,768,0.983,10,0,1,True,True,False,False
28,46944,10,25,511,0.536,9,0,1,True,False,False,False
45,36830,11,35,411,0.503,4,1,0,True,False,False,False
42,37596,10,12,307,0.258,7,1,0,False,False,False,False
67,46602,9,31,776,0.701,13,0,1,False,False,False,False
40,55510,21,16,759,0.014,9,0,1,True,False,False,False
48,63703,12,35,552,0.05,2,0,1,False,True,False,False
47,37952,9,18,825,0.599,2,0,1,True,False,True,False
59,72390,13,34,737,0.342,9,0,1,False,False,True,False
52,45933,10,39,535,0.953,12,0,1,False,False,True,False
24,49679,13,27,605,0.903,13,0,1,True,False,True,False
33,38791,18,0,777,0.714,3,0,1,True,True,False,False
43,13636,17,17,319,0.818,9,0,0,True,False,False,True
65,63260,16,39,515,0.667,13,0,1,True,False,False,True
69,61052,8,32,434,0.126,5,0,1,False,True,False,False
66,45780,13,11,428,0.766,6,1,0,True,True,False,False
19,51004,16,7,709,0.21,2,0,1,True,False,False,False
18,57739,18,23,721,0.323,8,0,1,False,False,False,False
65,26561,11,15,593,0.819,11,0,1,False,False,False,False
29,42064,18,3,545,0.537,9,0,1,True,False,True,False
22,61913,19,37,385,0.86,2,0,1,True,False,False,False
54,31185,9,26,674,0.213,6,0,1,True,False,False,True
49,54403,20,8,745,0.608,6,0,1,True,False,True,False
26,29651,11,15,677,0.084,8,0,0,False,False,False,False
58,56996,8,11,689,0.643,10,0,0,True,False,True,False
52,49465,10,30,350,0.763,12,0,0,True,False,False,True
36,25773,17,23,541,0.585,5,0,1,True,False,False,False
65,67471,16,13,593,0.266,9,0,1,True,False,False,True
33,38981,17,24,565,0.031,1,0,1,False,False,False,True
20,37846,12,33,419,0.119,9,0,1,False,False,False,True
37,53008,18,2,547,0.622,10,1,0,True,False,False,False
41,67229,13,23,369,0.934,7,0,1,True,True,False,False
50,34762,10,8,356,0.207,4,1,0,True,False,False,False
41,50925,12,25,681,0.735,3,0,1,False,False,False,True
69,56432,18,19,338,0.866,14,0,1,False,False,False,False
28,60396,15,39,742,0.521,10,1,0,True,False,False,True
66,52646,13,9,317,0.669,11,0,0,False,True,False,False
25,44494,11,18,651,0.815,14,0,1,False,False,True,False
53,37586,9,2,597,0.261,6,0,1,True,True,False,False
55,51292,21,23,582,0.297,12,0,1,False,True,False,False
57,33917,16,4,409,0.001,13,1,0,True,False,True,False
37,6179,20,2,479,0.963,1,0,0,True,False,False,False
52,56548,19,26,843,0.918,3,0,1,True,False,True,False
65,63559,8,15,324,0.765,2,0,1,True,False,False,False
42,14556,8,14,356,0.079,11,0,1,True,False,False,False
52,34854,20,34,479,0.448,13,0,1,False,False,False,True
42,59287,11,11,531,0.102,9,0,1,True,False,False,True
46,80862,14,25,642,0.016,3,0,1,False,False,True,False
35,50311,8,33,776,0.616,13,0,1,True,True,False,False
63,39079,16,22,754,0.961,2,1,0,True,False,True,False
35,47256,11,30,531,0.903,4,0,1,True,False,False,False
19,70623,10,19,588,0.697,14,0,1,True,False,False,True
52,40310,8,11,512,0.097,2,0,1,False,False,True,False
33,38012,17,22,557,0.274,1,0,1,True,False,True,False
58,42758,11,3,829,0.32,6,0,1,True,False,False,True
53,35700,16,22,528,0.763,10,1,0,True,False,False,True
50,51840,20,0,525,0.802,8,0,0,False,False,False,True
21,74370,21,24,734,0.385,10,1,1,False,False,False,False
50,54846,17,1,701,0.418,10,0,0,False,False,False,True
31,46214,13,29,387,0.045,2,0,1,True,True,False,False
38,45622,13,2,841,0.289,14,0,1,True,False,True,False
65,26552,8,20,608,0.451,9,0,0,True,False,False,True
37,63246,17,24,642,0.117,13,0,1,True,False,False,True
25,48832,9,19,735,0.453,3,1,0,True,False,False,False
24,47292,18,21,476,0.853,8,0,1,True,False,False,False
20,97896,13,20,438,0.581,12,1,1,True,False,True,False
34,54481,9,32,493,0.079,8,0,1,True,True,False,False
50,38723,10,37,485,0.192,3,0,1,False,False,True,False
65,43604,11,14,517,0.475,3,0,1,True,False,False,True
29,67226,18,14,463,0.361,12,0,1,True,True,False,False
68,51699,12,24,460,0.359,6,1,0,False,True,False,False
39,28425,16,20,824,0.529,1,0,1,True,True,False,False
39,63788,19,23,341,0.584,4,0,1,False,True,False,False
63,39977,11,4,509,0.797,1,0,1,True,False,True,False
47,78099,20,5,574,0.341,14,0,1,True,False,False,False
55,66200,18,22,578,0.805,3,0,1,False,False,False,False
55,43290,16,3,550,0.339,9,0,0,False,False,False,True
62,69215,18,26,609,0.055,14,0,1,False,False,False,False
68,51017,17,17,439,0.554,14,0,1,True,False,False,False
25,62791,10,20,845,0.588,5,0,1,True,False,False,False
44,57270,15,27,829,0.935,12,0,1,True,False,False,False
44,37304,19,34,356,0.726,5,0,1,True,False,False,True
51,40346,8,21,411,0.918,11,0,1,False,False,True,False
38,65449,18,39,304,0.908,4,0,1,True,True,False,False
47,44978,16,22,709,0.605,3,0,1,False,False,False,False
50,43945,16,2,713,0.528,5,0,1,True,False,True,False
45,35673,17,39,481,0.557,14,0,1,True,False,False,False
64,56353,9,9,312,0.978,11,0,1,True,False,False,False
50,80937,11,24,638,0.773,4,0,1,False,True,False,False
22,33987,20,7,558,0.106,8,0,1,False,True,False,False
65,50363,15,10,389,0.778,4,0,1,False,True,False,False
36,71183,14,4,549,0.171,11,0,1,False,False,False,False
21,48805,8,36,554,0.447,12,0,0,False,False,False,False
52,56785,12,37,407,0.21,8,0,1,False,False,False,False
66,34064,14,28,784,0.69,6,0,1,True,True,False,False
34,56424,11,4,557,0.877,14,0,1,True,False,False,True
61,47192,8,8,581,0.29,12,0,1,True,False,True,False
45,64785,16,1,387,0.082,11,0,1,False,False,False,True
47,67810,21,0,503,0.298,5,0,1,False,False,False,False
46,88843,12,39,315,0.672,4,0,1,True,False,False,False
63,58694,18,29,450,0.329,4,0,1,False,False,False,True
23,54886,9,10,553,0.278,12,0,0,False,False,False,False
52,52915,15,27,487,0.184,4,0,1,True,False,True,False
58,44702,18,11,628,0.498,11,0,1,True,False,False,False
54,55077,20,38,843,0.276,13,0,1,False,False,True,False
41,45568,9,25,696,0.731,13,1,0,True,False,False,True
46,52526,10,12,816,0.077,9,0,0,False,False,False,True
66,69763,21,7,758,0.664,4,0,1,True,False,False,False
63,34901,17,27,629,0.238,12,0,1,False,False,True,False
48,67098,8,29,468,0.489,9,1,0,False,False,False,False
52,69756,18,8,665,0.286,13,0,1,False,True,False,False
50,48228,9,38,477,0.723,10,0,1,True,True,False,False
69,18172,21,30,661,0.945,6,0,0,False,True,False,False
38,40882,14,20,339,0.917,10,0,0,False,True,False,False
49,69454,17,33,715,0.583,13,1,1,True,False,False,False
40,49656,9,30,654,0.463,7,0,1,False,True,False,False
50,35010,13,24,554,0.818,12,0,0,True,False,True,False
20,42428,10,11,442,0.683,10,1,0,True,False,False,True
35,62609,11,0,310,0.184,3,0,1,True,False,False,True
42,58201,18,21,325,0.821,8,0,1,True,True,False,False
59,46416,20,39,720,0.429,3,0,1,True,True,False,False
48,44497,15,36,520,0.189,1,0,1,False,True,False,False
20,44123,21,0,795,0.282,13,0,1,True,False,False,False
57,36163,10,0,536,0.268,13,0,1,False,False,False,True
63,74230,17,20,536,0.519,10,0,1,True,True,False,False
41,45165,13,14,518,0.234,12,0,1,True,False,True,False
67,68257,8,16,786,0.124,5,0,1,True,True,False,False
49,72819,14,21,760,0.124,2,0,1,False,False,False,True
64,64974,15,37,443,0.583,10,1,1,True,True,False,False
39,43525,18,34,488,0.735,14,0,1,False,False,False,True
40,56055,21,15,554,0.322,6,0,1,False,True,False,False
19,49637,15,7,367,0.035,13,1,0,False,False,True,False
44,36444,10,16,635,0.127,10,0,1,True,True,False,False
59,54865,21,16,708,0.915,9,0,1,True,False,True,False
19,32314,17,25,599,0.494,1,0,1,False,False,True,False
43,67815,8,12,656,0.454,14,0,1,True,True,False,False
34,43030,16,16,555,0.038,13,0,1,False,False,True,False
57,53017,20,37,652,0.729,4,1,0,True,False,False,False
50,54249,13,16,820,0.528,1,0,1,False,True,False,False
26,46116,18,13,823,0.202,1,0,1,False,True,False,False
60,58800,16,5,583,0.11,8,0,1,False,False,True,False
65,42876,14,34,611,0.383,14,0,1,True,False,True,False
56,63069,8,13,398,0.837,14,0,0,False,True,False,False
46,29810,19,7,496,0.865,13,0,0,True,False,False,False
59,51895,19,14,781,0.603,14,0,1,True,False,True,False
43,79083,8,26,525,0.728,11,0,1,False,False,True,False
52,34995,13,12,664,0.115,2,0,1,False,False,False,True
67,39833,12,30,667,0.588,1,0,1,False,False,False,False
42,57708,16,34,374,0.667,11,0,1,False,False,False,False
41,52693,9,5,341,0.201,8,0,0,True,True,False,False
30,55259,15,4,721,0.88,4,0,1,True,False,False,False
24,57337,18,21,480,0.195,3,0,1,False,True,False,False
53,59520,12,22,844,0.313,13,1,1,True,False,False,True
62,66645,9,24,370,0.621,12,0,1,True,False,False,False
37,56147,20,33,404,0.638,4,1,0,True,False,True,False
18,46381,17,25,499,0.699,14,0,1,True,False,False,True
25,60088,18,4,400,0.112,11,1,0,True,True,False,False
63,78498,18,25,606,0.849,5,0,1,True,False,False,True
33,48010,19,19,676,0.533,1,1,0,True,True,False,False
31,35382,13,5,698,0.471,14,0,1,True,False,False,True
29,66606,17,5,520,0.981,11,0,1,False,True,False,False
68,48194,15,17,481,0.74,1,1,0,True,False,False,False
40,17409,11,3,606,0.118,3,0,0,True,False,True,False
32,62711,9,16,821,0.757,6,0,1,False,True,False,False
45,41970,19,13,695,0.095,1,0,1,True,False,False,True
51,48642,18,13,303,0.027,14,1,0,False,True,False,False
19,54979,12,12,580,0.404,11,0,1,False,True,False,False
49,52857,19,6,514,0.994,12,0,1,True,True,False,False
40,60641,9,14,719,0.175,2,0,1,True,False,False,True
39,43467,9,18,400,0.673,12,0,0,False,False,True,False
68,57696,13,34,820,0.173,14,0,1,False,False,False,False
42,46106,18,16,608,0.725,7,0,1,True,False,True,False
39,61082,17,34,809,0.505,14,0,1,False,True,False,False
39,59230,16,18,362,0.68,14,1,1,True,False,False,True
66,35968,20,19,525,0.203,1,0,1,False,False,True,False
69,66289,11,35,404,0.746,13,0,1,True,True,False,False
59,41960,13,34,724,0.996,14,0,1,False,False,False,False
23,62120,14,31,554,0.666,7,0,1,False,False,False,False
32,55509,20,39,728,0.493,4,0,1,False,False,False,False
60,77572,18,23,733,0.923,10,0,1,True,True,False,False
54,46648,13,16,506,0.016,14,0,1,True,False,False,True
50,44760,15,6,327,0.73,6,0,0,True,False,True,False
25,49708,11,0,635,0.889,14,0,1,True,False,False,False
61,45452,19,34,368,0.062,8,0,1,True,True,False,False
61,61999,8,31,812,0.45,9,0,1,False,True,False,False
22,25755,14,35,466,0.205,6,0,1,True,False,True,False
56,34194,10,12,667,0.567,12,0,1,True,False,False,False
21,33982,21,5,550,0.65,11,0,1,False,True,False,False
23,64254,13,13,469,0.303,13,0,1,False,False,True,False
62,75659,9,36,389,0.46,14,0,1,False,False,False,True
49,48433,16,14,745,0.279,9,0,1,False,False,False,True
69,47467,8,3,593,0.369,4,0,1,True,False,False,True
47,51050,13,39,449,0.16,6,0,1,True,False,False,False
64,67428,13,15,431,0.886,8,0,1,False,False,True,False
52,36089,12,27,732,0.01,9,1,0,False,False,True,False
57,53575,20,15,358,0.882,3,1,0,True,True,False,False
69,64627,12,3,498,0.572,2,0,1,False,True,False,False
33,57516,8,25,514,0.332,6,0,1,True,True,False,False
30,52843,17,27,771,0.723,4,0,1,True,False,True,False
67,65015,19,31,546,0.508,1,0,1,True,True,False,False
59,9451,12,1,681,0.499,8,0,0,True,False,True,False
47,60168,9,30,538,0.11,9,0,1,True,False,True,False
36,40188,14,2,666,0.39,14,0,1,True,False,False,True
34,22540,10,7,467,0.241,9,0,1,False,True,False,False
36,57668,20,23,350,0.016,2,0,1,True,False,False,True
45,70604,11,14,679,0.36,9,0,1,True,False,False,False
43,47938,10,30,773,0.09,7,0,1,False,False,False,False
54,64293,10,8,379,0.257,5,0,1,False,False,False,False
43,74184,11,38,666,0.093,7,0,1,False,False,True,False
40,69723,12,1,760,0.101,13,0,1,False,False,True,False
26,74599,8,7,838,0.199,9,0,1,False,False,True,False
29,61131,11,6,751,1.0,8,0,1,True,True,False,False
18,51131,19,38,763,0.002,6,0,1,True,False,False,True
18,25970,19,15,777,0.639,13,0,1,True,False,True,False
64,46309,18,34,719,0.141,4,0,1,True,False,False,True
51,37351,15,29,513,0.921,13,1,0,True,False,False,True
49,82564,17,9,668,0.094,1,0,1,False,False,False,True
65,47361,14,37,413,0.955,6,0,1,True,True,False,False
42,51848,16,17,802,0.611,3,0,1,True,True,False,False
57,58272,12,4,610,0.001,6,1,0,True,False,False,False
62,50654,20,28,768,0.894,6,0,1,False,False,False,False
18,75425,17,38,343,0.522,14,1,0,True,False,False,True
33,40660,11,33,714,0.263,4,0,1,False,False,False,False
56,52919,15,22,545,0.767,2,0,1,True,False,False,True
22,38862,16,4,383,0.927,9,1,0,True,True,False,False
39,30199,20,29,506,0.484,2,0,1,True,True,False,False
46,40823,14,5,450,0.316,3,0,1,False,True,False,False
20,49444,21,3,827,0.789,10,0,1,True,False,True,False
29,43560,14,28,464,0.682,1,0,1,False,False,False,True
43,39613,12,22,444,0.889,7,0,1,True,True,False,False
33,28905,11,5,336,0.693,1,0,0,True,False,False,True
68,48753,21,31,632,0.244,11,0,1,False,False,False,False
54,27429,17,17,702,0.932,9,0,0,False,False,False,False
39,61400,8,14,713,0.105,11,1,0,False,True,False,False
46,51236,17,39,344,0.268,11,0,1,False,False,False,True
31,28136,17,31,701,0.52,1,0,1,False,True,False,False
45,45361,14,8,505,0.566,5,0,1,False,False,False,False
22,38717,8,36,361,0.015,7,0,0,False,True,False,False
64,54787,8,9,719,0.781,3,0,1,False,False,False,True
66,70106,12,19,767,0.362,9,1,1,False,False,False,False
47,21872,20,5,318,0.406,8,0,0,False,False,True,False
63,51725,16,2,664,0.809,13,0,1,False,False,False,False
69,47598,13,10,599,0.379,3,0,1,True,False,True,False
22,60070,10,16,306,0.047,5,0,1,False,True,False,False
29,53197,20,31,727,0.176,7,1,1,False,True,False,False
33,38720,10,3,416,0.956,12,0,1,True,False,False,True
43,45214,14,3,806,0.07,14,0,1,False,False,True,False
43,38059,13,16,845,0.355,4,0,1,True,True,False,False
65,66140,16,18,624,0.503,5,0,1,True,False,True,False
38,50319,13,4,354,0.493,3,0,1,False,True,False,False
56,78517,12,31,341,0.004,9,0,1,True,False,False,False
53,49090,17,21,596,0.501,10,0,1,False,True,False,False
50,39373,14,5,530,0.384,9,0,1,False,False,False,True
47,27294,8,34,752,0.972,7,0,0,True,False,False,False
54,22952,19,21,693,0.159,10,1,0,True,False,False,True
40,26237,14,0,821,0.354,2,1,0,True,False,False,False
27,54006,10,19,657,0.419,7,0,1,False,False,True,False
22,57630,21,21,743,0.391,7,0,1,False,False,False,True
53,26282,16,10,427,0.666,11,0,0,False,True,False,False
51,63425,13,12,704,0.216,5,0,1,True,False,True,False
69,42754,16,2,691,0.221,9,0,1,False,True,False,False
48,52201,20,8,492,0.729,13,0,1,True,False,False,False
27,74183,12,11,377,0.5,12,1,1,False,False,False,False
36,63452,14,22,384,0.415,11,1,1,True,True,False,False
49,45972,20,13,329,0.169,3,0,1,False,True,False,False
18,36632,21,32,348,0.188,4,0,1,True,False,True,False
22,17722,11,17,444,0.011,1,0,0,False,True,False,False
62,39212,14,8,368,0.091,6,0,1,True,False,False,True
21,46833,20,22,357,0.557,4,0,1,False,False,False,True
33,35192,8,9,778,0.892,1,0,1,False,True,False,False
41,48031,14,18,744,0.287,2,1,0,True,False,False,True
33,51152,15,4,595,0.328,3,0,1,False,True,False,False
19,46627,12,22,470,0.116,9,0,1,False,False,True,False
66,40249,9,29,446,0.389,13,0,1,True,False,False,True
45,52529,12,24,783,0.037,8,0,1,True,False,False,True
49,56629,13,27,605,0.918,7,0,0,False,True,False,False
44,33644,19,33,745,0.673,13,1,0,True,False,False,True
37,71163,9,24,520,0.991,11,0,1,True,False,False,False
41,48521,21,9,677,0.883,12,0,1,True,False,True,False
29,50282,13,13,565,0.473,14,0,1,False,False,True,False
67,60623,13,29,394,0.52,4,0,1,True,False,False,True
52,53498,8,24,561,0.191,1,0,1,False,False,False,True
50,64297,21,13,370,0.462,8,0,1,False,False,False,False
50,54306,8,34,518,0.903,4,0,1,False,False,False,False
68,40813,21,33,832,0.051,3,0,1,False,False,False,True
60,55422,18,9,391,0.864,9,0,1,True,False,False,True
54,32844,17,34,426,0.341,10,0,1,False,False,False,False
29,51628,10,10,379,0.9,4,0,0,True,True,False,False
20,49501,21,10,537,0.941,4,0,1,True,False,False,False
18,46878,17,20,671,0.671,14,0,1,True,True,False,False
50,48071,17,20,785,0.664,9,0,1,True,False,True,False
57,21772,19,21,324,0.453,13,0,1,False,False,True,False
27,41769,10,6,455,0.836,12,0,0,False,False,False,False
60,51392,11,16,816,0.962,11,0,1,True,True,False,False
61,52397,9,1,829,0.775,12,0,1,True,False,False,False
46,34584,16,11,356,0.622,14,0,0,False,False,False,False
30,68985,17,17,318,0.607,2,0,1,True,True,False,False
29,37007,19,10,683,0.849,14,0,1,True,False,False,False
48,64541,18,15,492,0.541,12,0,1,True,False,True,False
63,56407,21,17,536,0.804,5,0,1,False,False,False,True
19,40306,14,34,686,0.509,4,0,0,False,False,False,True
68,76629,14,25,725,0.062,9,0,1,True,False,False,False
67,32095,13,15,576,0.384,12,1,0,True,True,False,False
52,63787,10,5,526,0.444,5,0,1,False,True,False,False
40,65008,13,11,622,0.142,9,0,1,False,False,True,False
34,39940,21,12,452,0.102,11,0,1,True,True,False,False
43,70886,19,3,536,0.535,9,0,1,False,True,False,False
25,46249,15,38,354,0.085,14,0,1,True,False,True,False
46,54330,15,1,735,0.303,2,0,1,True,False,False,False
43,53904,18,25,408,0.745,14,1,0,False,False,False,True
27,47985,20,26,483,0.964,9,1,0,True,False,True,False
43,62162,16,26,667,0.718,3,0,1,False,False,False,False
51,61902,8,14,497,0.993,4,0,1,True,False,True,False
68,23772,21,7,670,0.698,1,0,1,True,False,False,False
58,69565,8,6,672,0.294,14,0,1,False,False,True,False
24,25062,10,39,796,0.672,1,0,1,True,False,False,False
21,65488,10,11,500,0.702,1,0,0,False,False,True,False
67,66900,17,12,808,0.372,9,0,1,True,False,False,False
62,33635,15,16,621,0.018,11,0,1,True,False,True,False
28,43837,17,16,574,0.703,8,0,1,True,False,False,True
46,33414,8,35,510,0.022,5,1,0,False,False,False,True
53,46776,20,20,803,0.631,5,0,1,True,True,False,False
42,45379,9,7,417,0.164,9,0,0,False,False,False,False
38,61694,9,4,341,0.566,3,0,1,True,False,True,False
53,69654,10,25,614,0.504,3,0,1,False,False,False,False
27,70935,20,15,628,0.014,7,0,1,True,False,False,True
54,41567,13,35,316,0.363,9,0,1,False,False,False,False
26,46861,8,27,582,0.601,6,0,0,False,False,True,False
41,24748,9,28,557,0.849,14,0,0,False,False,False,False
52,37911,20,11,318,0.889,2,0,0,False,False,True,False
66,64472,20,36,828,0.484,1,0,1,False,False,False,True
52,74233,8,29,722,0.728,2,0,1,False,False,False,True
65,31484,12,22,765,0.316,14,0,0,True,False,False,True
53,41113,20,15,672,0.342,14,0,1,True,True,False,False
35,49603,20,13,380,0.194,1,0,1,False,False,False,True
66,54202,14,9,847,0.562,10,0,1,False,False,False,False
56,37855,15,6,723,0.315,10,1,0,False,True,False,False
49,56360,17,36,728,0.084,9,0,1,True,False,False,True
41,42892,8,28,687,0.685,10,0,1,True,False,False,False
40,49783,14,2,503,0.708,12,0,1,True,False,False,False
49,58194,20,14,495,0.36,14,0,1,False,False,False,False
54,50096,12,35,584,0.077,13,0,1,True,False,True,False
29,43454,17,18,495,0.426,8,1,0,True,True,False,False
66,48355,8,12,606,0.442,7,0,0,True,False,False,False
30,48674,10,20,313,0.669,3,0,0,True,False,True,False
40,44449,14,36,445,0.315,8,0,1,True,False,False,True
42,46118,17,26,356,0.683,2,0,1,True,False,False,False
52,73979,8,28,509,0.871,2,1,1,False,False,True,False
58,58413,14,19,828,0.237,11,0,1,True,False,False,False
47,45567,12,24,643,0.979,10,0,1,True,True,False,False
34,60454,8,5,578,0.386,3,0,1,True,True,False,False
66,44992,8,35,508,0.267,7,0,1,True,False,False,True
37,67596,21,1,634,0.422,1,0,1,True,False,False,False
65,55544,8,21,587,0.094,8,0,1,True,False,True,False
42,48390,18,31,551,0.126,12,0,1,False,False,False,True
39,56715,16,15,564,0.414,7,0,1,True,False,False,False
30,26436,18,17,570,0.762,4,0,0,False,False,False,True
36,33098,20,4,718,0.9,14,0,0,False,False,True,False
66,32091,10,35,510,0.665,5,0,0,False,False,False,True
53,52144,20,29,664,0.105,10,0,1,True,False,False,True
29,75987,12,18,375,0.672,13,0,1,True,False,False,True
58,83469,18,22,620,0.635,1,1,1,True,False,False,False
36,59570,17,33,732,0.806,4,0,1,True,False,True,False
29,57512,19,12,408,0.825,1,1,0,False,True,False,False
26,22984,16,28,821,0.868,1,1,0,True,False,False,False
24,41859,13,35,346,0.414,10,0,1,True,True,False,False
45,38183,19,21,678,0.698,1,0,1,False,True,False,False
31,40687,16,35,395,0.268,7,0,0,False,False,False,False
48,47477,15,8,402,0.999,7,0,0,True,False,False,False
69,42918,15,38,445,0.175,4,0,1,True,False,True,False
36,20310,8,18,326,0.01,13,0,0,True,False,True,False
64,61218,20,37,829,0.149,12,0,1,True,False,False,True
33,33908,16,5,381,0.776,2,0,0,True,True,False,False
22,53588,13,14,727,0.447,12,0,0,True,False,True,False
52,81111,16,19,778,0.448,3,0,1,True,False,False,True
29,36209,10,8,461,0.955,8,0,0,True,False,True,False
42,12045,19,31,701,0.92,13,0,0,True,False,False,False
69,45709,10,3,807,0.311,8,0,1,True,False,True,False
38,66514,13,17,337,0.209,11,0,1,True,True,False,False
53,79375,16,4,810,0.848,11,1,1,False,False,True,False
40,31556,14,19,692,0.906,6,0,0,False,True,False,False
33,57450,21,22,793,0.542,10,0,1,True,False,False,False
56,43020,20,10,499,0.629,9,0,1,True,True,False,False
62,48410,10,36,554,0.257,11,0,1,True,False,True,False
59,89665,10,21,478,0.801,12,0,1,False,False,False,True
56,27455,9,3,846,0.632,9,1,0,False,False,False,False
31,53806,16,28,688,0.504,4,0,1,True,False,True,False
48,57015,20,33,697,0.06,12,1,0,False,False,False,False
22,66286,10,12,457,0.916,1,0,0,True,False,False,False
52,51469,18,8,303,0.615,1,0,1,True,False,True,False
40,54620,12,30,466,0.193,12,0,1,False,False,True,False
46,44125,21,6,767,0.606,10,1,0,False,False,False,True
60,54036,21,3,708,0.677,5,0,1,False,False,False,False
28,44852,16,18,711,0.526,14,0,1,False,False,False,False
35,59323,15,29,503,0.718,13,0,1,True,False,True,False
64,44455,9,30,493,0.581,2,0,1,False,True,False,False
29,55656,10,34,534,0.948,6,0,1,True,False,True,False
26,49561,9,20,449,0.054,7,1,0,False,False,False,False
27,66890,15,30,458,0.106,1,0,1,True,False,True,False
61,49229,13,18,578,0.174,6,0,1,False,False,False,True
34,23404,13,30,703,0.69,8,0,1,True,True,False,False
55,68928,19,31,610,0.646,12,0,1,False,False,True,False
24,36414,16,1,367,0.892,5,0,1,True,False,False,True
63,40193,15,9,762,0.733,14,0,0,False,False,False,False
30,41065,11,1,387,0.508,12,0,0,True,False,True,False
57,70616,19,1,516,0.992,7,0,1,True,False,False,False
59,17964,11,23,300,0.266,10,1,0,True,False,False,True
26,97066,16,16,434,0.833,6,1,1,True,False,False,False
67,65840,8,31,650,0.427,4,0,1,False,False,False,True
44,53348,20,15,439,0.649,7,0,1,True,False,False,True
19,49176,9,15,432,0.727,10,1,0,False,False,False,True
22,54283,9,38,477,0.634,9,0,1,True,False,True,False
46,57816,20,30,657,0.141,10,0,1,True,False,False,False
54,59678,20,23,679,0.443,10,1,0,False,False,False,False
55,58334,13,0,749,0.561,13,0,1,False,True,False,False
36,51343,11,10,762,0.849,7,0,1,True,True,False,False
25,47039,20,20,407,0.444,12,0,0,True,True,False,False
65,47730,18,3,421,0.919,14,0,0,False,True,False,False
62,47076,17,6,316,0.44,5,0,1,True,False,False,False
18,67006,20,25,495,0.549,7,0,1,False,False,False,True
39,58903,10,11,626,0.796,3,0,1,False,False,False,True
69,5894,10,30,617,0.583,2,0,0,False,False,True,False
34,59838,10,16,778,0.96,11,0,1,True,False,False,True
24,52921,13,32,551,0.66,5,0,1,False,False,False,False
42,49719,21,10,802,0.523,4,0,1,True,False,False,False
62,44172,15,27,418,0.024,5,0,1,True,False,False,False
21,66861,18,31,797,0.414,8,0,1,True,False,True,False
53,64212,14,0,785,0.299,12,0,1,True,True,False,False
23,38406,21,27,344,0.748,4,0,1,False,False,False,True
48,56105,11,6,613,0.208,9,0,1,False,False,False,False
36,35425,18,1,478,0.205,7,0,1,False,False,False,False
61,29305,19,23,717,0.19,10,0,1,True,True,False,False
56,40599,11,3,377,0.126,13,0,1,True,False,False,False
44,62935,18,18,625,0.311,12,0,1,True,False,False,True
27,64296,17,25,656,0.886,7,0,1,False,False,True,False
43,57696,18,10,715,0.775,13,1,0,True,False,False,False
36,60876,18,39,814,0.735,13,0,1,False,False,False,True
56,57742,21,10,513,0.797,8,0,1,True,False,False,False
20,40377,18,2,373,0.269,12,0,1,True,True,False,False
62,56478,9,11,808,0.887,6,0,1,False,False,False,False
30,62006,21,2,631,0.137,8,1,0,True,False,False,False
67,61314,8,26,392,0.336,3,0,1,False,False,True,False
45,67833,16,1,818,0.587,10,0,1,False,True,False,False
37,60624,19,15,568,0.103,10,0,1,True,True,False,False
45,55271,19,1,675,0.73,14,0,1,True,False,True,False
25,66052,9,29,303,0.387,1,0,1,True,False,False,False
58,49602,20,19,437,0.784,6,0,0,False,False,False,True
56,36771,15,37,530,0.493,1,0,1,True,True,False,False
18,47553,16,27,828,0.181,9,0,1,False,True,False,False
20,38826,11,24,351,0.735,14,0,0,False,False,False,False
30,39872,15,31,624,0.252,2,0,1,False,False,False,False
45,47832,16,9,576,0.491,11,0,1,True,True,False,False
66,38113,17,39,835,0.076,2,0,1,False,False,False,False
42,45380,17,32,785,0.618,7,0,1,False,False,False,True
50,21595,12,12,815,0.666,2,0,1,True,True,False,False
55,53199,20,36,451,0.379,10,0,1,True,False,False,True
23,50018,21,15,782,0.954,8,1,0,False,False,False,True
61,37743,14,21,558,0.874,6,0,1,True,False,False,False
62,59888,17,19,623,0.708,14,0,1,False,False,False,True
49,64063,11,26,467,0.714,7,0,1,True,False,False,False
62,25886,8,15,609,0.252,7,0,0,True,False,True,False
64,38559,10,33,778,0.657,6,0,1,False,False,False,False
38,38462,12,31,355,0.198,10,0,1,True,False,False,True
33,35901,10,25,772,0.144,11,0,1,True,False,True,False
38,62442,19,24,595,0.999,9,0,1,True,False,False,False
28,47092,20,1,760,0.622,13,0,1,True,False,False,True
54,46032,18,11,623,0.431,9,0,1,True,True,False,False
53,19942,14,39,440,0.288,7,0,0,True,True,False,False
52,59531,19,8,561,0.604,9,0,1,False,False,False,False
36,31411,16,11,719,0.05,13,0,1,True,False,False,False
37,50898,19,25,540,0.095,10,0,1,False,True,False,False
35,54160,13,8,654,0.033,3,0,1,True,False,False,True
64,70409,20,9,479,0.499,3,0,1,False,False,False,True
58,30367,17,31,365,0.601,1,0,1,True,False,False,True
66,4707,8,33,647,0.062,5,1,0,False,False,False,False
31,52757,14,19,470,0.721,4,0,1,True,False,True,False
32,77007,10,38,773,0.23,2,1,1,True,False,True,False
48,68584,12,1,833,0.685,9,1,1,True,False,True,False
18,53144,17,0,666,0.982,3,0,1,True,False,True,False
20,42625,11,35,406,0.691,8,0,1,True,False,True,False
33,62106,17,23,738,0.883,6,0,1,True,False,False,False
40,35396,12,26,526,0.948,14,0,0,False,False,False,False
28,57145,12,1,743,0.487,13,0,1,True,False,True,False
29,57582,13,30,741,0.702,5,0,1,True,False,False,False
27,65903,21,13,695,0.852,1,0,1,False,False,False,False
49,91394,17,1,383,0.357,4,1,1,False,False,True,False
33,55886,19,28,312,0.261,3,0,1,True,False,False,True
25,42365,17,14,792,0.947,1,0,1,True,False,False,False
55,49616,20,11,567,0.726,12,0,1,True,False,False,True
29,23463,20,36,824,0.22,5,1,0,False,False,False,False
41,39579,18,27,419,0.449,6,0,1,False,False,False,False
45,43860,13,19,652,0.796,2,0,1,True,False,True,False
25,42138,15,38,356,0.547,14,0,1,False,False,False,False
45,52285,15,23,339,0.65,3,0,1,False,True,False,False
53,37663,18,20,635,0.754,11,0,1,True,True,False,False
43,66815,16,9,472,0.622,14,0,1,False,False,True,False
25,50003,15,13,846,0.54,6,0,1,True,False,False,True
67,49860,20,36,558,0.75,4,0,1,True,False,False,True
45,45081,18,17,816,0.728,9,0,1,True,False,False,True
45,52327,9,23,822,0.63,5,1,0,True,True,False,False
54,62376,21,13,416,0.36,4,0,1,True,False,False,True
58,36993,21,33,483,0.406,2,1,1,False,False,False,True
53,40128,19,11,415,0.97,6,0,1,True,False,True,False
44,45444,17,21,461,0.112,10,0,1,True,False,False,True
34,29811,19,5,842,0.269,2,0,1,True,True,False,False
26,37711,18,35,536,0.492,12,0,1,False,True,False,False
50,42856,8,35,365,0.837,13,0,1,True,True,False,False
37,63115,17,21,369,0.164,7,0,1,True,False,True,False
30,53938,9,13,746,0.277,3,0,1,True,False,True,False
45,52903,9,15,715,0.066,9,0,1,True,False,False,False
65,62763,19,35,831,0.706,11,0,1,False,False,False,True
46,47939,10,24,740,0.238,5,0,1,False,False,True,False
30,55856,17,31,763,0.389,8,0,1,True,True,False,False
63,48451,14,32,695,0.444,11,0,1,False,True,False,False
52,53980,9,35,694,0.891,6,0,1,False,False,True,False
23,41258,21,19,625,0.411,14,0,1,False,False,True,False
35,13417,8,17,390,0.145,12,0,0,True,False,True,False
68,47985,21,37,369,0.524,10,0,1,True,False,False,False
22,71341,13,2,465,0.963,8,0,1,True,True,False,False
64,63893,16,22,513,0.608,13,0,1,False,False,False,False
42,64480,10,31,634,0.983,13,0,1,True,False,False,False
19,68541,13,15,668,0.841,11,0,1,True,False,False,True
27,51329,10,4,348,0.036,12,0,1,True,True,False,False
47,52959,21,3,351,0.658,3,1,0,False,True,False,False
67,40735,20,20,588,0.287,3,0,1,True,False,True,False
62,45258,8,39,538,0.56,5,0,1,False,False,True,False
22,59236,21,13,432,0.279,11,1,0,False,False,False,True
50,68058,20,38,465,0.349,10,1,1,True,False,False,False
18,47908,19,30,673,0.923,3,0,1,False,False,True,False
35,43247,12,13,672,0.207,8,0,1,True,False,True,False
49,50007,17,5,777,0.874,10,1,0,False,True,False,False
64,59018,21,11,778,0.03,13,0,1,True,True,False,False
66,28342,20,15,599,0.091,12,1,0,False,False,True,False
28,15557,18,16,381,0.855,14,0,0,False,True,False,False
38,41741,11,22,386,0.631,8,0,1,False,False,False,True
43,31689,14,13,524,0.747,2,0,0,False,False,True,False
42,42377,13,6,315,0.209,12,0,1,True,True,False,False
39,47783,17,31,657,0.537,4,0,1,False,False,False,True
44,43201,14,14,462,0.737,10,1,0,False,True,False,False
66,71787,12,16,813,0.627,13,0,1,True,True,False,False
30,54901,11,33,649,0.472,1,0,1,True,True,False,False
50,54507,14,4,763,0.96,4,0,1,False,False,True,False
51,59333,14,26,674,0.676,12,0,1,False,False,False,False
58,32917,13,22,391,0.908,13,0,0,False,True,False,False
52,65586,15,39,480,0.73,13,0,1,True,False,False,True
18,48863,11,13,600,0.735,11,0,1,False,False,True,False
38,60057,17,14,488,0.08,13,0,1,True,False,True,False
65,33922,12,32,613,0.359,4,0,0,False,False,False,True
23,26693,11,30,792,0.858,10,0,1,True,True,False,False
45,62268,19,34,427,0.233,9,1,0,False,False,False,False
34,55646,8,16,818,0.116,3,0,1,False,True,False,False
22,36469,19,27,725,0.326,2,0,1,True,False,False,True
48,36955,15,18,486,0.22,9,0,0,False,False,True,False
22,66881,8,22,849,0.925,9,0,1,True,False,False,False
55,32158,12,31,752,0.868,1,0,1,False,False,True,False
20,74640,13,39,770,0.5,6,0,1,False,False,False,True
40,36490,13,12,523,0.061,10,0,1,True,True,False,False
54,59575,20,19,453,0.715,8,0,1,False,False,False,False
54,45070,12,34,650,0.623,3,0,1,False,False,True,False
27,59047,10,4,446,0.971,11,0,1,True,False,True,False
27,41838,12,8,648,0.559,9,0,1,True,False,True,False
36,47558,19,28,481,0.336,2,0,1,False,True,False,False
34,50613,15,5,478,0.519,6,0,1,False,False,False,False
38,34967,21,24,338,0.979,1,0,1,False,True,False,False
31,61112,9,30,302,0.696,13,1,0,False,True,False,False
26,42301,13,21,363,0.672,7,1,0,True,True,False,False
63,46571,16,1,328,0.241,3,0,1,False,False,False,True
18,35084,15,4,671,0.744,7,0,1,True,False,False,True
68,11564,21,26,822,0.75,4,0,1,True,False,False,True
62,47134,18,24,396,0.317,9,1,0,True,False,False,False
30,86189,15,7,741,0.484,5,0,1,True,True,False,False
21,61769,15,0,502,0.295,3,0,1,True,True,False,False
18,49711,20,19,710,0.259,8,0,1,True,False,False,True
66,46056,14,22,320,0.026,6,0,1,False,True,False,False
57,50336,15,31,401,0.285,2,1,1,True,True,False,False
49,58206,20,10,345,0.554,3,0,1,True,False,True,False
51,32287,13,38,365,0.002,8,0,1,True,True,False,False
45,66714,9,23,463,0.283,10,0,1,True,False,True,False
48,60730,9,10,410,0.881,7,0,1,True,True,False,False
25,60772,15,28,637,0.594,10,0,1,True,False,False,False
56,56577,18,25,422,0.608,6,0,1,False,False,False,True
43,50294,8,15,746,0.403,14,1,0,False,False,True,False
51,60092,13,34,590,0.676,1,0,1,False,False,False,True
20,58877,20,19,711,0.19,9,0,1,True,False,True,False
67,44689,13,2,580,0.819,3,1,0,True,False,True,False
29,41395,18,0,342,0.117,14,0,0,False,False,True,False
18,51527,11,0,785,0.656,5,0,1,True,False,False,False
61,73235,19,16,350,0.341,7,0,1,True,True,False,False
22,31413,18,1,509,0.748,7,0,0,True,False,True,False
47,27987,20,28,425,0.55,3,0,1,True,False,False,False
47,52471,18,19,791,0.452,4,1,1,True,False,True,False
34,50763,20,5,808,0.169,10,0,1,True,True,False,False
65,52600,17,7,557,0.637,7,0,1,True,False,True,False
64,53659,10,28,487,0.975,8,0,1,True,False,False,False
40,46651,20,32,529,0.826,2,0,1,False,True,False,False
32,72347,18,2,488,0.06,9,0,1,False,False,False,False
54,25986,10,34,714,0.376,7,0,1,False,True,False,False
38,37572,20,4,309,0.926,13,1,0,False,True,False,False
31,48451,20,26,413,0.503,8,0,1,False,False,False,True
19,25352,8,11,375,0.662,6,0,1,True,False,False,True
28,47362,10,19,801,0.913,6,0,1,True,False,False,True
68,74922,11,19,384,0.874,9,0,1,True,True,False,False
56,50313,18,8,348,0.502,4,0,1,False,False,True,False
55,53460,18,38,794,0.438,11,0,1,False,False,False,False
51,31097,12,3,686,0.34,11,0,1,True,False,False,False
55,40754,10,18,688,0.719,5,0,1,False,False,False,False
67,44372,13,37,517,0.287,9,0,1,True,False,False,True
51,45234,18,26,645,0.25,1,0,1,False,True,False,False
35,69224,21,12,529,0.356,4,0,1,True,False,False,True
47,58365,19,12,554,0.177,7,0,1,True,False,True,False
32,33328,12,21,535,0.695,11,0,1,True,True,False,False
44,53697,10,27,325,0.616,9,0,1,True,False,False,False
68,57473,13,21,560,0.483,14,0,1,True,False,False,True
51,67102,13,18,570,0.39,13,0,1,True,False,False,True
69,73708,21,7,422,0.909,11,0,1,False,False,True,False
55,34773,15,7,556,0.029,12,0,1,True,False,True,False
50,37837,9,25,720,0.769,13,0,1,True,False,False,True
41,31136,8,25,558,0.902,10,0,1,False,False,True,False
32,46489,11,22,346,0.446,6,0,1,False,False,False,False
47,56995,14,12,824,0.551,12,0,1,True,False,True,False
59,64810,18,27,507,0.944,8,1,0,True,False,True,False
68,48860,17,8,610,0.212,13,0,1,True,False,False,True
34,45202,10,19,448,0.52,9,0,1,True,False,False,True
22,52276,10,18,737,0.475,10,0,1,False,True,False,False
46,37472,12,38,454,0.258,4,1,0,True,True,False,False
21,81343,12,11,389,0.819,1,0,1,True,False,False,True
27,25885,20,14,657,0.9,14,0,1,False,False,True,False
34,52771,17,30,473,0.782,8,1,0,True,False,True,False
27,80354,10,13,516,0.195,2,0,1,True,True,False,False
34,50101,16,10,755,0.087,11,0,1,True,True,False,False
37,47149,11,25,498,0.605,1,0,1,False,True,False,False
41,44638,20,26,785,0.057,13,0,1,True,False,False,False
22,47294,20,10,832,0.673,7,0,1,False,False,False,False
51,70592,10,37,499,0.53,12,0,1,True,True,False,False
23,16822,18,33,670,0.663,10,0,1,True,False,True,False
19,73001,9,18,747,0.59,9,0,1,False,True,False,False
30,28640,17,5,547,0.423,11,0,0,False,False,False,False
60,46000,20,37,563,0.201,12,0,1,False,False,True,False
60,43561,18,27,357,0.306,12,0,1,False,False,False,False
65,58828,16,0,601,0.525,9,1,0,False,False,True,False
28,26028,11,34,330,0.652,3,0,0,True,False,False,False
68,56932,10,39,797,0.779,6,0,1,True,False,True,False
64,80364,14,7,548,0.767,7,0,1,False,False,True,False
40,29552,15,6,570,0.973,14,0,0,True,False,True,False
33,52845,18,10,693,0.286,10,0,1,False,False,True,False
48,40070,21,38,801,0.071,9,0,1,False,False,False,True
28,56388,9,3,383,0.346,2,0,1,True,False,False,False
33,50287,14,24,664,0.743,8,0,1,True,False,False,False
25,40377,19,11,848,0.438,14,0,1,False,False,False,True
21,57318,12,25,641,0.818,7,0,1,True,False,True,False
57,77065,18,37,706,0.549,4,0,1,False,False,True,False
21,47136,12,11,724,0.93,2,0,1,True,False,False,False
42,60796,10,36,392,0.948,8,0,0,False,False,False,True
20,30600,12,23,711,0.069,11,0,1,True,False,True,False
49,35653,19,15,731,0.456,5,0,1,False,False,True,False
20,57086,9,12,458,0.61,6,0,1,True,False,True,False
44,72261,11,24,313,0.256,14,0,1,True,True,False,False
46,55334,13,3,672,0.407,11,1,0,True,False,False,True
49,45304,8,10,524,0.678,7,0,1,False,False,True,False
67,49989,17,31,804,0.227,10,0,1,False,True,False,False
68,31243,11,6,372,0.602,1,1,0,True,False,False,True
36,59067,13,10,548,0.697,8,0,1,True,False,True,False
38,63234,16,27,810,0.09,4,0,1,True,False,False,False
22,43218,21,22,515,0.498,13,0,1,False,True,False,False
35,42949,18,22,840,0.263,9,0,1,False,True,False,False
45,53988,18,27,519,0.724,1,0,1,True,False,True,False
59,43449,20,25,520,0.19,11,0,1,True,False,True,False
39,49008,9,24,688,0.892,2,0,1,True,True,False,False
38,81495,18,28,341,0.431,14,0,1,True,False,False,False
23,46294,14,18,582,0.198,6,0,1,True,False,False,False
18,44624,13,32,357,0.438,11,0,1,False,False,False,True
22,40286,9,35,836,0.409,10,0,1,True,False,True,False
58,61162,15,13,372,0.429,11,0,1,False,False,False,False
29,47281,14,13,428,0.586,14,0,1,True,False,False,True
43,40259,18,34,725,0.521,1,0,1,True,False,False,False
63,69819,12,29,424,0.15,4,0,1,False,False,True,False
51,71294,19,27,366,0.066,8,0,1,False,False,False,True
66,40993,12,16,305,0.729,10,0,0,False,False,False,True
31,22001,14,2,613,0.56,5,0,1,True,False,False,True
43,65112,16,15,625,0.359,13,0,1,True,False,False,False
62,39730,18,29,805,0.808,9,0,1,False,False,True,False
44,61859,16,28,381,0.388,11,0,1,True,False,False,True
26,20448,16,14,301,0.796,11,0,0,True,True,False,False
43,63388,13,24,503,0.306,6,0,1,True,False,True,False
64,31832,17,37,703,0.073,1,0,1,True,True,False,False
39,60961,13,37,402,0.933,6,1,0,False,True,False,False
64,50214,10,22,835,0.395,6,0,1,True,False,False,True
47,35690,8,24,667,0.793,13,1,0,True,False,False,True
60,43894,14,6,511,0.279,6,1,0,True,False,False,False
65,60294,11,21,508,0.646,8,0,1,True,False,False,False
34,51588,8,16,416,0.873,6,0,0,True,False,False,False
43,58766,15,17,777,0.042,5,0,1,True,False,True,False
53,79646,19,9,404,0.831,11,1,1,True,False,False,False
18,26536,13,9,794,0.571,2,0,0,False,True,False,False
25,74258,13,6,345,0.607,4,1,0,True,False,False,False
66,51565,9,37,630,0.523,14,0,1,True,False,False,True
52,36518,8,26,515,0.874,10,0,1,False,False,False,False
69,30045,20,32,791,0.043,5,0,1,False,False,True,False
32,47163,21,0,748,0.261,10,0,1,True,False,True,False
64,63824,21,33,835,0.876,4,0,1,True,True,False,False
39,48086,9,3,810,0.752,2,0,1,True,False,True,False
31,72667,11,16,757,0.018,7,0,1,False,False,False,False
43,28232,9,3,846,0.517,10,0,0,False,False,False,True
45,49818,8,25,835,0.53,10,0,1,False,False,True,False
40,31214,14,3,839,0.401,2,0,1,True,True,False,False
31,55454,18,0,783,0.297,1,0,0,False,False,False,False
41,63303,18,6,315,0.682,14,0,1,True,True,False,False
19,43688,19,29,542,0.208,5,0,1,True,False,True,False
62,10936,15,8,506,0.799,12,0,0,True,False,True,False
43,52984,13,34,570,0.803,13,0,1,False,True,False,False
31,56551,11,7,414,0.415,1,0,1,True,False,False,False
68,56064,21,23,598,0.284,1,0,1,False,False,True,False
24,68536,13,18,782,0.284,1,0,1,True,False,False,True
20,33934,10,35,696,0.482,6,0,0,True,False,True,False
64,60203,19,26,693,0.72,9,0,1,True,False,False,False
40,67887,15,31,374,0.359,10,0,1,True,False,True,False
63,23321,17,13,781,0.61,13,0,1,False,True,False,False
60,54794,21,17,402,0.382,11,0,1,True,False,True,False
64,42437,20,27,596,0.305,12,1,0,False,False,True,False
62,48777,20,28,477,0.025,1,1,0,False,False,False,False
35,55215,9,15,514,0.004,5,0,1,False,True,False,False
55,42691,12,34,614,0.227,9,0,1,True,False,False,False
